{"cameraMode":{"drawMode":0,"name":"Shaded","section":"Shading Mode"},"sceneLighting":false,"audioPlay":false,"sceneViewState":{"showFog":true,"showMaterialUpdate":true,"showSkybox":false,"showFlares":true,"showImageEffects":true,"showParticleSystems":true},"in2DMode":false,"pivot":{"x":16.719999313354493,"y":-2.0,"z":-0.10728645324707031},"rotation":{"x":0.04348452761769295,"y":0.008991365320980549,"z":-0.00039137137355282903,"w":0.9990134835243225},"size":2.020829200744629,"orthographic":false}