{"cameraMode":{"drawMode":0,"name":"Shaded","section":"Shading Mode"},"sceneLighting":true,"audioPlay":false,"sceneViewState":{"showFog":true,"showMaterialUpdate":true,"showSkybox":true,"showFlares":true,"showImageEffects":true,"showParticleSystems":true},"in2DMode":false,"pivot":{"x":4.462256908416748,"y":-2.1791136264801027,"z":-0.10728645324707031},"rotation":{"x":0.04348452761769295,"y":0.008991365320980549,"z":-0.00039137137355282903,"w":0.9990134835243225},"size":23.9234676361084,"orthographic":false}