{"cameraMode":{"drawMode":0,"name":"Shaded","section":"Shading Mode"},"sceneLighting":true,"audioPlay":false,"sceneViewState":{"showFog":true,"showMaterialUpdate":true,"showSkybox":true,"showFlares":true,"showImageEffects":true,"showParticleSystems":true},"in2DMode":false,"pivot":{"x":7.9934892654418949,"y":-2.740936279296875,"z":-0.2598724365234375},"rotation":{"x":0.052473776042461398,"y":0.00898747332394123,"z":-0.0004722766170743853,"w":0.99858158826828},"size":25.77044105529785,"orthographic":false}