{"cameraMode":{"drawMode":0,"name":"Shaded","section":"Shading Mode"},"sceneLighting":true,"audioPlay":false,"sceneViewState":{"showFog":true,"showMaterialUpdate":true,"showSkybox":true,"showFlares":true,"showImageEffects":true,"showParticleSystems":true},"in2DMode":false,"pivot":{"x":-0.330321729183197,"y":0.8076376914978027,"z":12.014533996582032},"rotation":{"x":0.04348452761769295,"y":0.008991365320980549,"z":-0.00039137137355282903,"w":0.9990134835243225},"size":29.71335220336914,"orthographic":false}