{"cameraMode":{"drawMode":0,"name":"Shaded","section":"Shading Mode"},"sceneLighting":true,"audioPlay":false,"sceneViewState":{"showFog":true,"showMaterialUpdate":true,"showSkybox":true,"showFlares":true,"showImageEffects":true,"showParticleSystems":true},"in2DMode":false,"pivot":{"x":6.186295509338379,"y":5.7929840087890629,"z":-0.250335693359375},"rotation":{"x":-0.053972262889146808,"y":0.007488994859158993,"z":0.0004047929833177477,"w":0.9985138177871704},"size":25.77044105529785,"orthographic":false}